id|name|description|status
180c04da-1c89-4b97-afe3-73bfe0fc1e3c|smartphones|Score each cause. Quality throughout beautiful instead. Despite measure ago current.|active
76a3e5ad-1e02-4630-8edd-6a808c863d0e|laptops|Stop peace technology officer relate. Product significant world. Term herself law street class.|active
32af165c-5686-4541-af74-88dd2c0023bf|tablets|Then fire pretty how trip learn enter. Seat much section investment on. Young catch management sense technology. Physical society instead as. Other life edge network wall quite.|active
9a59d6ff-47b4-45c1-81e7-092eef5a9e43|televisions|Current hear claim well two truth out major. Upon these story film. Drive note bad rule. She campaign little near enter their institution. Up sense ready require human.|active
82429bb9-d789-4f16-8fef-29a0c729cb1f|cameras|Best issue interest level. Pull worker better. Song body court movie cell contain. Economic type kitchen technology nearly anything yourself. Why unit support.|active
42aaa8f3-9a04-45cc-9b52-b4c285cdaa3d|audio equipment|Choice father why often my security arm. Live try most arm meet surface attention attack. Identify walk now often always. Price north first end prove fire. How public feel first sell.|active
c28b535e-894d-4198-b442-69f786b1c354|wearables|Hard citizen street region particularly. Account stage federal professional voice care break. Choice example decision garden reach table measure. Town suffer begin interest everybody.|active
fb6635f1-7d35-4dd4-92c7-c49b2b39e283|gaming consoles|Away third tough nation. Need involve among half value win always group. Project government nice themselves wind. Understand door class son.|active
9242d976-67ef-48b0-ba85-a781daa91743|computer accessories|Staff least figure somebody dinner. Process huge everything. Go meeting quickly such former. Boy wife condition. Board its rock. Job worker break tonight couple and.|active
101a86af-7dfc-4960-9da1-841c1510a1a4|smart home devices|Never court professor here security. Past feeling nature a. Decision size parent focus kid. List top somebody college be middle plan. Behavior weight dog financial southern challenge.|active
0d68b6c9-e12f-47fa-b25c-0d5aef5d51f4|drones|Responsibility himself hundred challenge reach. Sing despite sound receive. Anyone eat summer lead soon property write.|active
2e1cc815-6521-48c0-8674-a473756f5dac|virtual reality|Imagine my indeed deal information toward. Watch affect thing offer local wall fear hope.|active
c28ed229-008e-4002-afc4-f99cffe796bc|networking equipment|Here deep force seven here. Strong like see appear weight. Practice sit prepare senior wear. Stuff perform draw list boy. Record short cold parent security boy standard. Blue agent find quality when.|active
6481d056-39da-4c03-adc5-dd7e96eed8d1|software|Religious itself safe whole establish space Mrs. Let stay or focus early various everything. During let particular her agreement surface consider.|active
93e1add4-7ffc-4482-9596-a6299191a89b|electronics accessories|Society behavior develop reality fill ok list. Gas you nearly goal law fill discover. Firm sea week real course.|active
9b70e189-36a7-4117-a359-2d24f11eca0d|womens clothing|Bill activity expect long future whole education. Box assume man officer rather charge specific. Yes budget share paper. Difficult mission late kind team wrong figure perform.|active
349ede27-648d-4466-adfb-afb923b7ff1c|mens clothing|Society organization station TV. Buy read record wall matter management. Always it focus economy before while structure offer. Yourself public especially. Like prepare trouble consider.|active
ba22c5bd-bfc2-42e4-b679-1ace0b4e7641|kids clothing|Gun series personal service data near until. Thing machine ahead picture son report. Add impact different success box water positive. Marriage respond meeting event.|active
c37ce1ab-59a8-40e1-874a-625323a85cc8|shoes|Land machine forward several. Lay focus country recently occur do. Analysis seat relate specific history professional.|active
a8bf7ed3-c9e7-48ae-ad02-73fafa8ce0fc|bags & luggage|Power system system teacher here first. Their along attention piece TV young section. Within set region beyond coach federal. Animal someone fall.|active
32934a39-7a16-4cb2-a1b4-a08d3c5499b3|watches|War write federal while real lead. Current his low down occur. Yeah far within probably ever. Ten sing wind treat seat strategy total. Parent good PM per question.|active
2b6bbd83-6959-4477-a34c-14c296b4ff1b|jewelry|Either station loss southern. Sound life away senior difficult put.|active
71e3aadc-c1bb-4812-b2d0-3612c3fe9c32|sunglasses|Break doctor Mr home he we recent. Industry score choice increase between majority impact. Real describe know. Talk between rate name within.|active
2f3c6cee-fcdb-4ad3-85fc-71a9dcfe6bae|hats & caps|Everyone worker would. Economy company produce ago address so draw. Administration enter camera inside box as. Sing message board mean war analysis situation.|active
4522f733-cc5f-4945-8a17-a99dec1a897e|belts & accessories|Involve soldier boy pressure there necessary tend involve. Including still human role fine. Professor hear check type attack story.|inactive
d5561154-4c0b-401a-9c46-7fe4ada42db5|activewear|Outside goal official defense prevent. Glass news boy everything. Southern suddenly window stand party.|active
a47ee0b8-4cf7-4e45-aab5-f92ec79a1659|swimwear|Second Democrat information game. Return since nothing be apply. Senior anyone bank kitchen. Magazine kind event sense box involve.|active
c43835c1-aebe-4b11-be47-b54186080939|lingerie|Can mouth discover next. Author technology amount affect TV television. Investment identify policy face if whom commercial.|active
3757b6c1-f507-448f-bd3a-77e80c7ea012|formal wear|Week physical less nor. Large under north play person ten physical character. Kind field ever argue medical financial later. Hard expert popular within.|active
52010142-dd90-47be-9a98-54f28b2c0859|streetwear|Mean common easy just. Model particular hair truth hold simple. Appear piece free form newspaper hit edge surface.|active
b3105c08-6af5-4c88-b8cf-b50ac9fda8a4|plus size fashion|Difficult case baby such big. Strong this also from short capital heavy. Congress realize person total.|active
468e7654-225b-4c9d-b547-1f5f24b1a869|maternity wear|Industry class current painting their appear lose. Never bill suffer surface expect several. Last message store begin treat.|active
c0c80a2d-2959-46b8-a4b7-3c16d65c49ba|traditional clothing|Past town affect democratic change vote participant. Book explain feeling answer information soldier. Artist student matter movie place offer responsibility.|active
3c60bf38-2988-4d82-8ad2-5d9bb44ee47b|furniture|Player wonder effect. Ground attack drop. Billion old series card good full poor store.|inactive
68d51815-e4d9-4580-8a1c-94a4b84ec9c8|home decor|Join hundred keep what fund cost. Happen something entire bar interesting issue yet. Family bill foreign fast knowledge response coach. Goal amount thank good your ever.|active
eb58d6c3-047d-44ac-ae95-671d1b24e7bc|bedding|Attack sing hand him. Painting quickly we. Know baby case happen fire everything. Ago control military trial.|active
cff85400-96b5-4906-ac3b-88e0f25571a1|bath|Remember nearly face feel church remember. Soldier meeting building cut. Door management guess occur.|active
b0661585-b9fd-4539-9115-a3dd127c93d8|kitchen & dining|Story million fight class. Generation wait thus suffer economy. Ever person pass behavior political option oil.|active
d238942e-350e-4be1-aa33-b4eef1c04d77|lighting|Each southern image law read citizen indeed. Daughter parent fine responsibility safe team wish. Middle blood drop business last cell. Face his past.|active
ad4d9c42-329f-4305-bbd0-95da783503d2|storage & organization|War measure whom Democrat. Anything manager think. Experience account blue care enough hand idea. Hundred now crime.|active
ed639468-b138-4ede-aca4-d31a5555df7e|curtains & blinds|Foreign party class wrong. Order medical meeting majority none. Staff happy purpose woman on someone rise.|active
e66f0ffe-3469-41a6-91c6-344415bccae5|rugs & carpets|Relationship million night your. Moment finish community treatment garden great sign. Particular court east newspaper different. Relate real major look night. Explain of myself time house.|active
290464d8-30dc-4d5a-9093-2a25e3f6335b|wall art|Point appear including response beyond. Accept nearly upon imagine. Local current white fly position traditional become.|active
060b0aa2-0840-4ca6-b5a0-20be6d9fd9e7|indoor plants|Nothing blue work expect writer. Management voice surface life cover both class. Possible responsibility add front far purpose cover. Task today still middle beautiful protect continue cell.|active
ed433e7e-43b2-442e-b720-a033165189f7|home improvement|Whatever long lawyer writer health. Tree serious soon stay seven quite other. Land region back nor article natural measure. Mr clearly take kind quite response major.|active
bf880155-bf02-4f45-816c-cd2bb2e3a24b|cleaning supplies|Conference career political role white hear. Large true help bag who themselves. Budget year hotel camera without strong. Without leg rest.|active
1557f617-b8ef-4617-8b8a-bff195da583e|laundry supplies|Public the each analysis keep music senior simply. Mean eye staff rule. Officer significant stand down then worry.|active
79416b77-aaec-4b80-98cb-2acd4be6f1d6|pest control|Support feeling remain south trip. Include indicate morning home effort form bad. Suggest begin right couple environmental purpose owner.|active
57902342-6cd5-447d-a6f9-785d8d510dbb|home security|Receive region however dream focus. Herself move grow end mention. Letter sort reveal seven floor data fine. Ten scientist administration network once result far.|active
e11faf5d-429a-4bdc-83c5-3c1c4200fec4|skincare|True my politics arrive. Stuff avoid stand. Share include successful. Religious across media health. Point value tree process administration mother in admit.|active
638b6c55-7fd0-4c8a-b3b8-92f412e14e47|makeup|Some bad where learn during. Feel stock ball yard practice. Behavior here need. Reflect bar suddenly. Not teach believe month amount deep.|active
64592fac-c755-4ded-95f5-83b6f52ccc66|haircare|Sense cause write right may window. Best discussion away. Shoulder western however similar ahead event yeah make.|active
f8c6b435-e209-42cd-8abe-4e219d684cf3|fragrances|Cost large never impact. Bed never others. Activity including single right nice yeah. Occur college herself catch feeling. Certainly cold every feel site guess want.|active
6e77f864-5327-4636-8c0f-07cc98a81dad|personal care|Race nearly well left. Just fact realize standard somebody. Pull cause field education child institution. Last our old move. Myself so growth time Mr point. Body eat professor coach.|inactive
db50d802-e87c-48fa-a39b-f1336668de49|medical supplies|Miss give best reveal laugh. Feel special boy support. Quality clearly worker during. Civil nice when discussion if continue policy. How scene third last involve above.|active
af7848d7-8b1b-4b91-827a-0b3cf0cdb585|vitamins & supplements|Particularly only girl suddenly pay sport. Try opportunity public finish draw. Consumer really memory industry. Offer institution main Mr.|active
1ae0f41e-451e-4ca6-9976-47885bbbb1e8|sexual wellness|Cold not somebody determine allow different eye. Not significant manager member of environmental myself. My series service kid despite interesting.|active
55f71d89-29c0-4091-a2a3-30932ec54c3d|oral care|Plan coach cause deal deal arrive go exactly. Collection without fall of weight method too. Career seek in arrive. Reduce car chair focus. Seven put majority officer environmental.|active
6c605280-65be-47cc-986e-04bcbc875f5d|mens grooming|Follow exist natural candidate system. Thus several animal phone student administration. Kid a when dark. City usually ever pressure economy. Professor power appear personal rise sense.|active
05ac8b28-241e-44b5-b9ef-f3ec8c41376c|spa & relaxation|Case similar send card year. Attention none particular clearly. Reveal physical character in rather team. Cause but role goal. Fire cause everybody base network outside.|active
a826a7fb-ce5a-4199-b2c7-db1fabd1440d|health monitors|Onto add democratic. We huge expert Republican. Reduce bar Mr pattern everyone finally. Tv window choice force only shake power. Financial join well draw.|deleted
bf82fa41-b141-4780-9a65-9407518cb5ee|groceries|Military state else head seek them run. Sign ahead southern evening. Enjoy window physical many.|active
6bfe9551-306c-458c-9219-e1d547e25235|beverages|Sort research pretty different eat trouble floor. Head maybe top conference source wonder west. Theory tend similar financial.|active
96906813-a60e-494a-bb14-0a016913cee2|snacks|Must player really act friend. Billion morning draw man art. Republican behavior TV today. Including time learn security oil measure PM.|active
81cdd20b-99d1-4522-84ce-ddbab5ac4c59|gourmet food|Last finish building group. Later leg system bed space. American structure foreign before eat green message quality. Star community weight take new.|active
4705bc48-c47d-462e-8a40-c7ece9bdee76|organic food|Amount leave collection off. Many him interview government traditional every. Third alone people early far include nearly. Evidence case current this. Eat yes myself affect him require look.|active
10a26d2d-f91f-4a93-b026-dc71ce659122|international cuisine|Offer work home very yard. Compare or south recently. Region goal nothing. None could write think. My compare also argue own after long. Truth cut candidate response try such.|active
90ab89e9-2cd5-43cb-86af-9e7f1eea3474|dietary supplements|Company why really up skin development. Sport her safe family concern ability reduce of. Allow own TV whose determine not view.|active
f54a1043-4bce-48c1-b5af-7158d409df42|baby food|History run why. Think goal heart stock small official serve. Class available suffer far five. Avoid color heart rule.|active
692c6c78-3a16-43a3-9aaa-5a626727f553|pet food|Benefit hotel near make approach. Into far product.|active
308844ef-4ad7-4b35-986f-677e935c7d4b|meal kits|Wife operation network subject stand industry. Reach view of dog federal house take. Maybe too song.|active
262b1aeb-7ea8-42eb-a730-2502160db087|fitness equipment|Increase challenge onto serve. Understand none big experience. They there enough pressure occur list common.|inactive
1a809813-7b34-4a02-9cbb-3c13287cc0dd|outdoor recreation|Feel season similar fly. Painting become kid tree imagine machine. Start middle city find medical career. These ahead cover strategy student economic lead. Relate ever statement measure play buy.|active
8f62316e-ef9d-4511-872c-28a0ba05bb2e|cycling|Clear thus see read expect hit. Take sister Democrat determine. Question especially important after sister. Treatment positive over across education source figure.|active
98ec7c9b-d50d-4d38-bf2b-a0b552f4976e|camping & hiking|Loss from everybody foot. End represent throughout federal change. South sort outside produce. Return pretty young else.|active
0a4ae5e9-58e8-4044-a76b-a54f0907eed0|water sports|Rise next tree water tonight. Develop development the inside. End family surface like term on. Author threat matter test high fear approach take. Yeah garden would throughout.|active
a2494b14-df1e-4539-af8c-c8afe698e2ed|winter sports|Above move room wear throughout series. Course quality phone eat really general can. Me fill assume animal way lay.|inactive
ea93cb19-4f96-4683-a56b-cc163961eb76|team sports|Perhaps order answer blue structure answer break. Herself natural listen check receive piece. Product production establish paper case store. Memory pay executive size.|active
5ca65cd3-29c9-468f-b903-530970430f21|yoga & pilates|Chance bed memory rich big eight discuss. Enough anyone spend them system. Soon fine school believe serve animal. Forget thus western environmental. Head garden box hundred.|active
526ee5e2-78f9-4e72-994e-ba99f659200a|hunting & fishing|Particularly single particularly television. Low maintain thought key. Energy fire relate question.|active
1abdeb02-237b-4bd7-9ffd-25d04e3ad1d9|golf|Wife anyone development poor idea dog. Know of because material firm wonder seat. Idea along near stay.|active
d593fc37-3761-43c8-ae85-de86d03ef1d2|tennis & racquet sports|Particularly could us hotel lead. Response blue increase unit study. Sign late probably what. White above save network. Stuff lot meet TV concern official. Billion price paper focus.|active
0ec07824-d3ea-4a5d-bdbb-2d54bac17943|sports nutrition|Wonder practice when mean. Report set no old wall report. Experience suggest space mission agent certainly prove. Seek claim expert economy style. Daughter must grow laugh pattern.|active
061a9a5b-65cf-4401-bb20-72f32bdac382|baby care|Treatment relate positive sense national. Cultural right cover large work avoid while same. Help investment news candidate.|active
3a15c1b0-1c08-4e81-8491-77f3506eb7e1|baby gear|Little no sell power boy generation drive. Truth during always those high someone box either. Agency might side method meet. Analysis together court message way cold what.|active
83cf8b9a-40d2-43ea-8c51-2502616ab20d|baby toys|Some newspaper offer direction. Hold picture item admit pull movement. As second animal summer group me face rate.|active
1b8345d3-6615-4858-9842-39945d5dc2f0|kids toys|Natural be decide scientist rise deep town. Central contain pattern education boy provide note. Surface usually yes.|deleted
0981be13-5c49-4078-80e3-7728d20cc147|kids books|Everybody growth quickly former lose knowledge. Main board population bank exactly. Cultural safe phone road throughout support place. Often shoulder defense already end thus music president.|active
7fc8b134-8285-4dbc-bf5e-840c554fd48b|school supplies|Serious cell city not. Process whose save low grow despite maintain. Enough doctor protect military. Hold truth thing always possible billion.|active
a363ea97-5a4f-4697-8506-b4d4f4ef1408|kids furniture|Close baby poor deep cost gun. Produce increase form box. Decision claim street against amount of claim. Mention three chair coach two might if wide. These road start.|active
991add06-50a7-41ca-bcfb-da836e4e8783|kids safety|Attention her car admit mission training range step. Benefit live pass although six me brother lot. Top much ability visit. Miss have analysis morning director sort.|active
19bb3a45-8ad4-4c8d-b7aa-8a9e810c5d6f|car accessories|Impact blood international one end movie. Hand every quite sense including six lot. Never effect fill general relationship save talk. Security land record class. Meet skill song pass range.|active
4744bb84-c15a-48c8-a019-769a6e8f2e47|car electronics|Itself ask develop bag also his worker pass. Expert white arm similar compare manager action. Experience almost outside middle discuss college already.|active
3b305b2d-f428-4b43-9215-6665c4b51997|car parts|Expect stop trip give white everybody paper. Lawyer identify above company media. Me future bring message. Then spend offer reason whom. Low during fund simply race to television.|active
45ec1954-2496-4c5b-b80b-939080b6b2c4|motorcycle accessories|Finish despite off consumer second us couple. Dog drug enter director strong.|active
744d78b3-ad95-4ed0-b42b-9227adb0c7e2|car care|With recently least ready activity decision ok. Gun technology cost enjoy especially when.|active
d9538744-5e43-4c36-8245-27f9255bb82d|tools & equipment|Care throw piece move firm main economy. Answer between clear democratic effect stuff benefit. Employee growth newspaper special general in.|deleted
ed11fc07-959b-467e-86d3-d438a2af49c0|tires & wheels|President report painting house thought sit. Security minute late cold take by. Product wait red bag cold. As these nature ago. Model you billion peace base use.|active
203dd9d4-2116-4144-b82a-eb922b9eaf6e|books|Lead see theory itself policy move training loss. Source kind hand employee field. Model serve carry. Light across two water local. Something others someone nature country think.|inactive
f13774cf-f646-4911-a4ed-6c345b989220|ebooks|Could affect anyone movement control bill especially. Road do character management game find. Your less social form such weight argue. Author like court success stage stock.|active
ddf35543-535e-4a58-803e-f1d1934d36ea|audiobooks|City rock seat near business loss. Cup thought tell design both.|active
e13886f7-054c-44b1-9466-1423da26cd14|magazines|Run again help right economy always. Next my majority note myself food. Every story trial never attention choice fast.|active
0679183a-d0b2-47c9-beb5-220796bbd4d1|movies & tv|Follow political book model at. Condition all blood court. Number student price. Perhaps opportunity any determine responsibility actually TV.|active
21341170-489c-4225-86a9-dfdf3ae96bf7|music & vinyl|Cover prevent now way next. Indeed black police group learn professor third. Society nearly measure price.|active
cece4a06-e5d6-4929-95fb-ec455469378a|arts & crafts|Feel develop talk. Sign wall state. News unit choice also green catch happen. Economic eight feel now notice design baby foot. Common stay ready office traditional organization feel.|active
45f5e7c2-2ed4-467c-9cc3-17274d3f22db|sewing & fabric|Floor north force. Check purpose young wife send. Measure develop face hour car bar number. Human be maybe similar candidate care nice.|active
746150b4-b03e-4671-830d-cd56141f0b05|painting supplies|Certainly and stand current health serious table both. Drug per challenge. Add really born late age. Deep national seek nature performance yeah reason. Heavy town money.|active
001a6746-4452-47a6-a80c-1f6630aacdce|musical instruments|Test power discuss herself with. Machine others because current whom night. Always two figure.|active
25c743df-2ba2-4712-b4fa-a81872a5574a|photography|Their rather individual of interview fine painting last. Deal catch must son. Finally relate model career. True fish newspaper we brother fish they. She they increase.|active
7ec8d741-1b4d-4ff6-bb14-bb309a6d137b|collectibles|Republican hear system man case cover allow. Understand wear development. Serious at until worry term. Reach term thought into simply part station.|inactive
13cbcd22-8cbf-44e3-b3d0-cb6abee74d97|model building|Fact huge fight still leave. Party approach might central stop. Bed may conference one thus national hotel. Late condition opportunity Republican dark lawyer.|active
36568cd2-9c0b-4052-a3ad-4df623a9c3c1|scrapbooking|Analysis color friend the television class. Condition Republican information finally. Eye Congress together whether about she activity.|active
e0192029-6b80-4b75-b097-a692d1ceb059|party supplies|Former because board year claim. Particularly reality organization skin concern. See growth along shoulder follow today star. Successful assume likely business teacher forget.|active
3c732f8c-77aa-4d79-85ec-20dc7786e1b2|seasonal decor|Discussion fact cover brother let someone scene debate. Yourself increase free night point action cut example. Feel nearly short box four. Right pattern ahead compare form full.|active
c214c8dd-6358-4f0f-802e-6de3ce51477c|dog supplies|Wide exactly all worker. Move coach paper cost bring site final tax. Even beautiful theory. Stop few modern company hear also dark. Kitchen agent lot matter. Future low them financial force.|inactive
227f8127-1f83-423c-8347-18974bc09640|cat supplies|Billion she seat. Officer fine throughout. Customer expert mother significant provide evening. Boy when nice bill my. Five center region exist each author party.|active
850a8592-d826-49a6-8bd6-73af2d32ced4|bird supplies|Capital spend turn life lay range report. Like water century time election guy contain. Small think law air little goal.|active
a7eb7756-3e1e-4ceb-a352-98f987bdee23|fish & aquarium|Issue woman note garden reason community prove school. Student boy other foot best knowledge final. Our rate others star. Management produce bed stage thought tough. Serious produce laugh.|active
7acfbdbc-7483-48b0-ac18-92aa8c2f5494|small animal supplies|Particularly member summer. Artist too whose a nice. Body executive all it opportunity personal. Image itself deep community cause new.|active
a82548ca-78ae-4582-98d0-230681c904d7|reptile supplies|Marriage room Republican especially unit office almost. Low happy oil which bag room money. Might model particular early piece professional protect. Something fine apply gas sing light mention.|active
93f71efc-83b3-4261-b3a5-de2c801d1268|office supplies|Machine camera baby six edge. Every either scientist page travel. Process have compare site. Machine son television garden base. Other start study sell.|active
f82a8463-7495-49ac-a4e1-0c06e3115788|stationery|Question which raise American truth PM. Particular present evening establish sort effort. Hospital significant see same open crime front real.|active
1a08b573-23cb-4c60-a864-32555975d1ad|office furniture|Point remain build task candidate prevent tonight not. To receive education level. Two everybody interview tough show food class. Everyone artist home you.|active
4453cde5-9f66-4d21-bfa8-860ebbe76edf|printers & ink|Audience road since affect. Present a also hospital. Record toward off middle. Long identify road speech audience difficult his.|active
99138e62-7c1a-4f10-981c-f50d1aaf04b4|business equipment|Piece grow be plan. Cause cover rest or majority. Society poor matter who. Already argue skin. If deep president. Learn question them chance often under already.|active
2691e427-5216-46af-9c9a-871de041057f|presentation supplies|Structure ask stage box. Sometimes determine source international specific word question food. National focus who degree animal community as. Center indeed recent network just.|active
214f614f-40ac-46d4-a7b9-f21dc54bc1b3|desk accessories|Step feeling industry newspaper court worry with peace. Medical less phone decade apply both chance.|active
a2dea808-b8f2-4274-9c62-8412a29e5cb2|gardening tools|Single for better scene thank. Through available one approach job democratic. Lawyer hold carry rest place wish dark camera.|inactive
63be2416-092e-4bf0-b47b-3f1374a3a42f|plants & seeds|Address into their easy its. Through option chance off above. Always likely shoulder. Most look something start laugh drive.|active
faa6a892-e521-4084-a4c6-eebabf07e50e|outdoor furniture|Less plant team audience throw four allow international. Recently partner offer debate range. Thing save area war push thousand book half.|active
e515558b-cdd0-4be2-9b82-4e8be1123d63|grills & outdoor cooking|Laugh may stop like mother stay. Later happy pull really within. Could this beautiful hospital. When baby clearly born challenge. Themselves minute physical fall.|active
46279f46-09ec-47f8-9730-db46390c7675|lawn care|Leader note together fill smile dinner. Wife show another good lay coach. Republican expect win stuff. Draw American first call. Hard day religious program within.|active
d8f01342-bc97-4113-87d5-a4022d9ba5e6|outdoor lighting|Former relate listen face want wonder off. Son rock two full. Rule too cause nearly. Husband subject land. For part crime money.|active
f9fd2c8e-6761-4a3f-8173-98e430186eac|kitchen appliances|History activity general final knowledge night. Road know yeah sound eye. Rock increase structure our century field.|inactive
3ede7588-6fa7-4559-a894-4a1a44b05332|home appliances|Different social child feel policy PM buy. Individual man reach each budget. Manage wife out gun lose.|active
d8492d35-43ba-4583-a528-a8d233d642ef|air quality|Face morning view. Create physical share out cold follow first. Even recently guy move goal. Carry example single. Future treat bill choice determine could.|active
d2c61b39-d258-4b52-8cd2-f5aed063f8bc|vacuum cleaners|Season budget campaign. Read film decide wonder. Back simple serious amount. Allow process or light. Analysis feeling act benefit buy.|active
38524c17-297f-4c31-bbf2-bcac5da295a5|small appliances|Surface listen recently continue pull blue strong. Interest method imagine seven fire letter. Many guess explain reveal. Foreign break exist outside. Reach subject difficult imagine world.|active
123ea143-07cd-45ae-a700-f73182d99309|luggage & travel|Hair current customer such. But study rise everything require old. Green project wear would memory challenge. Blue economy market pick care between apply.|active
eac8f8c3-f38b-40fa-bd26-92f9563768a8|gift cards|Make energy gas teacher national weight all. They budget late table kind along. Process single those clearly issue fine home. Notice make network much.|active
3c66d2fb-b340-4dff-b2a9-1d2c2a10e453|handmade products|Possible or travel assume figure. College Mrs also price institution method. After like against first now. Occur space beyond push from me. Coach federal wide cut player wind.|active
bad88491-0573-484d-9368-0887327cd939|vintage items|Sound item music customer I person law. Congress affect reflect television officer defense while.|active
12a87c28-2c1a-4584-b53a-5e939878358f|refurbished products|Either over image box. Agree someone financial magazine yard. Dark evening ahead. Probably compare system white magazine. Area to finish. Too imagine guy price. However style successful door.|active
5caa4422-0148-4fd7-b61d-8cf191188bef|wedding supplies|Television argue mouth record both. Interest radio white these view guy resource. Again whom paper success production. Education his police red total.|active
495c57b1-e186-48a1-b268-99d6893c89f8|religious items|Place these short image almost term. Likely include subject response theory star station. At inside role natural force receive seven. Picture social carry husband.|active
1f6b2b02-24ad-49b6-ae35-2e50bb9beff5|industrial supplies|Phone trade wind cup red collection husband investment. Chance when color note add. Itself turn law purpose budget require course.|active
